dataset,role,baseline,mean_ari_baseline,std_ari_baseline,mean_ari_dmkpo_log,std_ari_dmkpo_log,wilcoxon_stat,p_value,cliff_delta,significant
Adult,scale_heterogeneous,Default-KP,0.07743324598101438,0.04386561257300667,0.07307131433909787,0.003920498361511342,36.0,0.2158203125,0.6,False
Adult,scale_heterogeneous,Grid-Log,0.0642040784631052,0.013152967285300066,0.07307131433909787,0.003920498361511342,41.0,0.01413151658251443,0.31,True
Adult,scale_heterogeneous,Random,0.06993729595515766,0.008951062757414368,0.07307131433909787,0.003920498361511342,29.0,0.22063406666446483,0.29,False
Adult,scale_heterogeneous,DMKPO-Lin,0.07056667390509672,0.009031180043092765,0.07307131433909787,0.003920498361511342,26.0,0.3389342220534186,0.11,False
