dataset,role,baseline,mean_ari_baseline,std_ari_baseline,mean_ari_dmkpo_log,std_ari_dmkpo_log,wilcoxon_stat,p_value,cliff_delta,significant
Bank Marketing,noisy_sensitive,Default-KP,0.057270290651340504,0.052749471028739656,0.08981833831217126,0.0322925818699917,48.0,0.0185546875,0.76,True
Bank Marketing,noisy_sensitive,Grid-Log,0.10080694355239647,1.3877787807814457e-17,0.08981833831217126,0.0322925818699917,0.0,0.9101437525605001,-0.2,False
Bank Marketing,noisy_sensitive,Random,0.10060326028793636,0.0006110497933804083,0.08981833831217126,0.0322925818699917,1.5,0.7928919108787374,-0.11,False
Bank Marketing,noisy_sensitive,DMKPO-Lin,0.07772208553306295,0.037015503799639415,0.08981833831217126,0.0322925818699917,14.5,0.19953759827411854,0.21,False
