dataset,role,baseline,mean_ari_baseline,std_ari_baseline,mean_ari_dmkpo_log,std_ari_dmkpo_log,wilcoxon_stat,p_value,cliff_delta,significant
Credit Approval,categorical_dominant,Default-KP,0.12626771668678297,0.01215075573580925,0.07630968024210667,0.002215760362743309,0.0,1.0,-1.0,False
Credit Approval,categorical_dominant,Grid-Log,0.07819630063355267,0.0,0.07630968024210667,0.002215760362743309,0.0,0.9803202455558752,-0.5,False
Credit Approval,categorical_dominant,Random,0.07751099993087938,0.0013706014053465666,0.07630968024210667,0.002215760362743309,1.0,0.9608759067834521,-0.32,False
Credit Approval,categorical_dominant,DMKPO-Lin,0.07664276900304072,0.002090881996211165,0.07630968024210667,0.002215760362743309,6.0,0.6577650894874223,-0.09,False
