dataset,role,baseline,mean_ari_baseline,std_ari_baseline,mean_ari_dmkpo_log,std_ari_dmkpo_log,wilcoxon_stat,p_value,cliff_delta,significant
Heart Disease,balanced,Default-KP,0.2757694614747816,0.00556312426466217,0.23409762587935318,0.0026013236520825134,0.0,1.0,-1.0,False
Heart Disease,balanced,Grid-Log,0.23410868244944338,0.0038632164716151233,0.23409762587935318,0.0026013236520825134,22.0,0.5236174890046236,-0.03,False
Heart Disease,balanced,Random,0.23542347307985656,0.005919621229930934,0.23409762587935318,0.0026013236520825134,15.0,0.8128703403598878,-0.17,False
Heart Disease,balanced,DMKPO-Lin,0.23415223717231357,0.007497488221067325,0.23409762587935318,0.0026013236520825134,18.0,0.8388671875,-0.04,False
